court_code,registration_year,date_of_registration,decision_date
33_10,2019,2019-12-13 02:43:10,2020-02-16 02:43:10
33_10,2019,2019-03-26 03:31:18,2021-03-09 03:31:18
33_10,2019,2019-09-02 21:31:28,2019-10-21 21:31:28
33_10,2019,2019-04-22 01:50:57,2020-04-06 01:50:57
33_10,2019,2019-03-20 01:05:24,2021-06-02 01:05:24
33_10,2019,2019-02-26 11:23:24,2020-08-20 11:23:24
33_10,2019,2019-12-25 02:57:37,2021-02-26 02:57:37
33_10,2019,2019-03-03 15:16:20,2021-01-14 15:16:20
33_10,2019,2019-04-17 07:01:19,2021-10-15 07:01:19
33_10,2019,2019-10-04 15:01:01,2021-02-15 15:01:01
33_10,2019,2019-08-13 18:12:30,2020-02-01 18:12:30
33_10,2019,2019-06-16 06:27:54,2019-10-15 06:27:54
33_10,2019,2019-01-06 03:18:27,2020-01-24 03:18:27
33_10,2019,2019-03-04 18:31:19,2021-07-14 18:31:19
33_10,2019,2019-03-11 09:31:23,2021-06-17 09:31:23
33_10,2019,2019-09-15 16:26:35,2021-10-10 16:26:35
33_10,2019,2019-12-03 22:05:49,2022-08-17 22:05:49
33_10,2019,2019-10-13 11:44:43,2022-03-14 11:44:43
33_10,2019,2019-10-31 22:02:08,2020-01-19 22:02:08
33_10,2019,2019-08-23 16:46:38,2021-07-17 16:46:38
33_10,2019,2019-03-16 14:41:38,2021-03-12 14:41:38
33_10,2019,2019-06-12 20:04:26,2021-02-05 20:04:26
33_10,2019,2019-09-13 21:18:12,2020-04-19 21:18:12
33_10,2019,2019-12-09 03:57:10,2020-05-11 03:57:10
33_10,2019,2019-06-22 17:26:58,2019-12-18 17:26:58
33_10,2019,2019-05-01 17:10:49,2020-04-08 17:10:49
33_10,2019,2019-05-13 09:08:16,2021-01-01 09:08:16
33_10,2019,2019-10-01 09:25:17,2020-10-06 09:25:17
33_10,2019,2019-11-27 02:55:08,2020-10-26 02:55:08
33_10,2019,2019-06-19 20:14:24,2021-06-09 20:14:24
33_10,2019,2019-06-18 06:53:21,2021-05-29 06:53:21
33_10,2019,2019-05-19 23:10:38,2021-10-02 23:10:38
33_10,2019,2019-03-14 20:38:06,2021-06-03 20:38:06
33_10,2019,2019-04-01 18:06:14,2019-06-23 18:06:14
33_10,2019,2019-06-18 21:38:31,2020-10-03 21:38:31
33_10,2019,2019-12-13 11:53:26,2021-09-15 11:53:26
33_10,2019,2019-05-13 17:25:43,2020-03-01 17:25:43
33_10,2019,2019-09-06 10:43:15,2019-11-27 10:43:15
33_10,2019,2019-11-15 01:05:44,2021-07-08 01:05:44
33_10,2019,2019-04-04 00:06:15,2021-01-12 00:06:15
33_10,2019,2019-05-08 03:12:14,2019-06-11 03:12:14
33_10,2019,2019-11-07 16:22:21,2020-03-18 16:22:21
33_10,2019,2019-10-11 11:31:50,2020-05-23 11:31:50
33_10,2019,2019-07-14 09:02:50,2021-09-24 09:02:50
33_10,2019,2019-10-04 06:58:30,2022-03-28 06:58:30
33_10,2019,2019-01-14 12:18:50,2021-07-15 12:18:50
33_10,2019,2019-04-15 04:02:08,2020-04-28 04:02:08
33_10,2019,2019-04-25 07:20:02,2019-07-10 07:20:02
33_10,2019,2019-05-13 03:43:15,2021-10-25 03:43:15
33_10,2019,2019-07-07 08:58:07,2021-11-05 08:58:07
33_10,2019,2019-06-01 11:31:34,2022-01-21 11:31:34
33_10,2019,2019-03-20 18:15:37,2021-07-16 18:15:37
33_10,2019,2019-01-29 01:41:44,2020-12-14 01:41:44
33_10,2019,2019-10-06 04:46:42,2020-07-30 04:46:42
33_10,2019,2019-02-20 01:44:51,2020-03-25 01:44:51
33_10,2019,2019-06-17 08:31:30,2021-04-12 08:31:30
33_10,2019,2019-09-19 19:59:27,2020-02-01 19:59:27
33_10,2019,2019-05-15 10:16:57,2021-04-13 10:16:57
33_10,2019,2019-06-23 17:18:53,2021-05-11 17:18:53
33_10,2019,2019-03-29 20:52:37,2021-02-12 20:52:37
33_10,2019,2019-12-01 05:46:18,2020-04-28 05:46:18
33_10,2019,2019-05-10 22:18:48,2021-09-16 22:18:48
33_10,2019,2019-10-16 13:53:19,2022-01-09 13:53:19
33_10,2019,2019-09-15 03:40:20,2021-06-09 03:40:20
33_10,2019,2019-01-03 10:26:28,2019-03-31 10:26:28
33_10,2019,2019-11-22 21:48:50,2022-07-29 21:48:50
33_10,2019,2019-03-16 18:48:00,2020-03-25 18:48:00
33_10,2019,2019-04-21 21:35:24,2021-05-30 21:35:24
33_10,2019,2019-03-29 02:22:07,2020-08-13 02:22:07
33_10,2019,2019-12-03 15:33:43,2020-04-27 15:33:43
33_10,2019,2019-03-28 08:26:09,2021-08-03 08:26:09
33_10,2019,2019-08-26 15:17:59,2021-11-23 15:17:59
33_10,2019,2019-04-15 21:06:39,2019-09-18 21:06:39
33_10,2019,2019-04-21 22:37:25,2020-06-16 22:37:25
33_10,2019,2019-05-27 13:12:26,2021-12-19 13:12:26
33_10,2019,2019-07-11 13:12:48,2021-05-11 13:12:48
33_10,2019,2019-04-02 15:15:45,2019-06-28 15:15:45
33_10,2019,2019-02-19 12:24:08,2020-12-13 12:24:08
33_10,2019,2019-12-21 10:35:35,2021-06-15 10:35:35
33_10,2019,2019-12-25 04:20:12,2022-02-12 04:20:12
33_10,2019,2019-07-06 06:48:34,2021-10-14 06:48:34
33_10,2019,2019-11-07 10:37:03,2020-03-11 10:37:03
33_10,2019,2019-10-02 04:49:56,2021-07-30 04:49:56
33_10,2019,2019-05-29 17:10:40,2019-10-23 17:10:40
33_10,2019,2019-01-25 10:03:54,2020-09-05 10:03:54
33_10,2019,2019-08-04 10:03:03,2021-04-25 10:03:03
33_10,2019,2019-09-26 11:54:17,2021-02-24 11:54:17
33_10,2019,2019-08-08 03:20:09,2020-04-30 03:20:09
33_10,2019,2019-12-10 17:22:49,2022-06-11 17:22:49
33_10,2019,2019-02-14 14:39:55,2021-08-28 14:39:55
33_10,2019,2019-10-20 17:36:19,2020-08-16 17:36:19
33_10,2019,2019-12-25 08:52:14,2020-07-30 08:52:14
33_10,2019,2019-11-20 15:14:22,2021-11-22 15:14:22
33_10,2019,2019-04-27 20:34:40,2020-08-15 20:34:40
33_10,2019,2019-09-21 02:40:13,2021-05-23 02:40:13
33_10,2019,2019-06-12 10:39:58,2021-09-08 10:39:58
33_10,2019,2019-06-15 14:07:10,2021-11-21 14:07:10
33_10,2019,2019-02-13 11:09:58,2019-11-16 11:09:58
33_10,2019,2019-05-21 19:44:36,2022-02-06 19:44:36
33_10,2019,2019-07-12 12:40:01,2019-10-25 12:40:01
33_10,2019,2019-06-16 05:33:54,2019-12-16 05:33:54
33_10,2019,2019-11-06 00:13:13,2021-09-21 00:13:13
33_10,2019,2019-09-16 04:08:14,2020-12-23 04:08:14
33_10,2019,2019-11-01 08:42:40,2020-02-24 08:42:40
33_10,2019,2019-11-30 09:43:45,2021-11-25 09:43:45
33_10,2019,2019-10-07 02:03:39,2020-08-16 02:03:39
33_10,2019,2019-06-01 23:23:52,2020-02-05 23:23:52
33_10,2019,2019-01-06 10:42:23,2019-04-14 10:42:23
33_10,2019,2019-11-07 22:58:06,2020-01-22 22:58:06
33_10,2019,2019-12-17 21:46:33,2020-04-18 21:46:33
33_10,2019,2019-04-16 12:56:50,2021-06-03 12:56:50
33_10,2019,2019-04-10 20:51:21,2021-12-22 20:51:21
33_10,2019,2019-01-27 23:01:54,2020-05-23 23:01:54
33_10,2019,2019-08-01 06:23:34,2020-03-21 06:23:34
33_10,2019,2019-06-27 00:20:36,2022-01-23 00:20:36
33_10,2019,2019-05-04 12:01:13,2020-01-06 12:01:13
33_10,2019,2019-05-19 07:45:42,2020-10-03 07:45:42
33_10,2019,2019-09-15 10:22:14,2020-12-19 10:22:14
33_10,2019,2019-04-22 02:27:35,2020-04-26 02:27:35
33_10,2019,2019-08-03 20:38:54,2021-03-05 20:38:54
33_10,2019,2019-01-21 00:25:40,2020-10-23 00:25:40
33_10,2019,2019-05-07 16:23:07,2020-03-20 16:23:07
33_10,2019,2019-07-09 05:28:21,2020-04-17 05:28:21
33_10,2019,2019-04-08 03:20:35,2021-05-10 03:20:35
33_10,2019,2019-08-08 20:42:05,2020-08-28 20:42:05
33_10,2019,2019-03-10 19:28:29,2019-05-01 19:28:29
33_10,2019,2019-01-04 00:52:48,2021-03-05 00:52:48
33_10,2019,2019-11-09 00:14:13,2021-05-13 00:14:13
33_10,2019,2019-11-15 15:19:02,2022-01-10 15:19:02
33_10,2019,2019-04-04 18:06:08,2021-08-17 18:06:08
33_10,2019,2019-01-02 22:57:03,2019-05-11 22:57:03
33_10,2019,2019-06-17 00:38:58,2021-09-25 00:38:58
33_10,2019,2019-07-31 17:55:39,2020-02-25 17:55:39
33_10,2019,2019-10-12 14:52:17,2020-06-20 14:52:17
33_10,2019,2019-12-09 03:38:20,2022-07-01 03:38:20
33_10,2019,2019-12-18 14:03:13,2022-02-16 14:03:13
33_10,2019,2019-09-04 19:32:09,2021-07-23 19:32:09
33_10,2019,2019-01-12 04:46:16,2020-04-27 04:46:16
33_10,2019,2019-07-08 01:08:44,2021-04-05 01:08:44
33_10,2019,2019-10-10 02:12:16,2021-12-16 02:12:16
33_10,2019,2019-11-25 13:10:42,2020-11-13 13:10:42
33_10,2019,2019-08-06 08:06:37,2021-02-01 08:06:37
33_10,2019,2019-12-16 15:46:46,2020-01-30 15:46:46
33_10,2019,2019-04-21 11:54:56,2021-07-20 11:54:56
33_10,2019,2019-02-03 21:15:47,2020-02-03 21:15:47
33_10,2019,2019-07-12 02:54:46,2021-09-07 02:54:46
33_10,2019,2019-06-15 12:12:13,2020-03-28 12:12:13
33_10,2019,2019-04-20 16:56:17,2020-09-27 16:56:17
33_10,2019,2019-03-28 13:12:19,2021-10-08 13:12:19
33_10,2019,2019-11-28 01:34:49,2020-06-04 01:34:49
33_10,2019,2019-08-02 18:33:35,2020-12-18 18:33:35
33_10,2019,2019-03-24 14:44:07,2021-08-21 14:44:07
33_10,2019,2019-01-06 11:19:41,2020-11-29 11:19:41
33_10,2019,2019-11-10 21:02:52,2022-06-04 21:02:52
33_10,2019,2019-03-11 19:09:42,2021-02-27 19:09:42
33_10,2019,2019-03-24 11:20:35,2021-02-25 11:20:35
33_10,2019,2019-04-17 19:38:10,2020-05-30 19:38:10
33_10,2019,2019-07-20 00:53:54,2021-02-13 00:53:54
33_10,2019,2019-11-15 08:16:23,2022-06-30 08:16:23
33_10,2019,2019-02-15 06:29:07,2021-10-28 06:29:07
33_10,2019,2019-07-13 17:05:58,2021-07-02 17:05:58
33_10,2019,2019-08-04 13:59:21,2020-11-02 13:59:21
33_10,2019,2019-04-12 01:52:52,2021-01-13 01:52:52
33_10,2019,2019-08-17 11:28:51,2020-06-09 11:28:51
33_10,2019,2019-08-21 05:11:47,2022-01-01 05:11:47
33_10,2019,2019-02-06 23:35:48,2020-10-04 23:35:48
33_10,2019,2019-06-29 13:59:59,2020-09-17 13:59:59
33_10,2019,2019-01-19 15:02:29,2019-08-04 15:02:29
33_10,2019,2019-04-03 07:24:00,2021-08-21 07:24:00
33_10,2019,2019-04-11 18:03:30,2019-06-22 18:03:30
33_10,2019,2019-01-08 08:14:06,2020-08-15 08:14:06
33_10,2019,2019-08-29 13:49:45,2020-07-08 13:49:45
33_10,2019,2019-12-29 20:52:33,2021-02-27 20:52:33
33_10,2019,2019-08-04 19:54:23,2019-09-14 19:54:23
33_10,2019,2019-08-16 01:44:28,2021-05-13 01:44:28
33_10,2019,2019-02-04 03:35:39,2020-01-01 03:35:39
33_10,2019,2019-05-03 21:26:14,2021-11-15 21:26:14
33_10,2019,2019-12-19 21:13:23,2020-09-26 21:13:23
33_10,2019,2019-09-15 17:21:07,2021-02-24 17:21:07
33_10,2019,2019-11-23 03:34:41,2022-01-14 03:34:41
33_10,2019,2019-09-01 04:44:57,2019-11-04 04:44:57
33_10,2019,2019-07-24 12:57:23,2021-08-18 12:57:23
33_10,2019,2019-07-02 15:52:05,2021-11-26 15:52:05
33_10,2019,2019-02-15 02:28:20,2019-06-14 02:28:20
33_10,2019,2019-08-13 11:11:16,2021-10-26 11:11:16
33_10,2019,2019-10-09 15:04:46,2021-07-04 15:04:46
33_10,2019,2019-01-19 19:32:39,2021-08-27 19:32:39
33_10,2019,2019-02-09 08:51:33,2021-11-04 08:51:33
33_10,2019,2019-08-06 16:01:31,2021-04-28 16:01:31
33_10,2019,2019-05-10 22:01:41,2020-07-30 22:01:41
33_10,2019,2019-09-11 20:38:55,2020-02-02 20:38:55
33_10,2019,2019-05-26 06:00:56,2021-03-02 06:00:56
33_10,2019,2019-08-04 02:59:57,2022-02-21 02:59:57
33_10,2019,2019-06-03 06:20:41,2020-01-14 06:20:41
33_10,2019,2019-05-25 09:43:48,2021-09-26 09:43:48
33_10,2019,2019-09-22 11:28:02,2021-03-05 11:28:02
33_10,2019,2019-09-05 08:20:06,2021-06-21 08:20:06
33_10,2019,2019-03-09 15:31:52,2020-08-12 15:31:52
33_10,2019,2019-01-31 17:51:38,2019-05-15 17:51:38
33_10,2019,2019-04-17 03:53:34,2020-07-02 03:53:34
33_10,2019,2019-08-21 08:43:07,2020-09-29 08:43:07
33_10,2019,2019-09-21 13:14:09,2020-12-13 13:14:09
33_10,2019,2019-01-07 09:10:38,2021-02-03 09:10:38
33_10,2019,2019-02-20 13:21:36,2019-12-23 13:21:36
33_10,2019,2019-10-31 05:05:11,2021-12-29 05:05:11
33_10,2019,2019-11-22 12:14:20,2021-10-27 12:14:20
33_10,2019,2019-08-02 20:11:34,2020-09-28 20:11:34
33_10,2019,2019-12-01 13:26:17,2022-05-17 13:26:17
33_10,2019,2019-04-09 14:25:07,2020-08-07 14:25:07
33_10,2019,2019-01-06 18:50:56,2021-08-12 18:50:56
33_10,2019,2019-03-22 12:58:14,2019-10-29 12:58:14
33_10,2019,2019-03-30 09:30:26,2021-05-06 09:30:26
33_10,2019,2019-06-20 22:25:55,2021-06-07 22:25:55
33_10,2019,2019-04-11 03:22:25,2019-08-17 03:22:25
33_10,2019,2019-05-03 03:32:07,2020-11-30 03:32:07
33_10,2019,2019-07-23 23:05:47,2019-11-25 23:05:47
33_10,2019,2019-07-09 05:33:21,2021-06-01 05:33:21
33_10,2019,2019-12-23 11:25:01,2021-11-14 11:25:01
33_10,2019,2019-09-02 18:48:29,2020-04-08 18:48:29
33_10,2019,2019-12-28 04:25:52,2022-01-31 04:25:52
33_10,2019,2019-07-28 08:33:47,2019-10-02 08:33:47
33_10,2019,2019-05-16 13:56:33,2021-08-02 13:56:33
33_10,2019,2019-03-29 12:16:20,2020-04-30 12:16:20
33_10,2019,2019-09-13 00:48:11,2021-09-06 00:48:11
33_10,2019,2019-02-26 06:00:38,2020-09-02 06:00:38
33_10,2019,2019-05-26 12:10:39,2020-03-29 12:10:39
33_10,2019,2019-12-13 22:48:33,2020-08-15 22:48:33
33_10,2019,2019-05-24 12:19:49,2021-11-05 12:19:49
33_10,2019,2019-01-07 12:44:06,2021-06-27 12:44:06
33_10,2019,2019-01-06 17:33:08,2021-04-12 17:33:08
33_10,2019,2019-08-29 17:27:37,2020-06-26 17:27:37
33_10,2019,2019-08-04 12:53:32,2022-01-30 12:53:32
33_10,2019,2019-11-08 06:27:21,2020-02-07 06:27:21
33_10,2019,2019-07-11 10:55:41,2021-03-27 10:55:41
33_10,2019,2019-07-13 04:39:30,2022-01-07 04:39:30
33_10,2019,2019-12-07 03:17:02,2022-01-03 03:17:02
33_10,2019,2019-02-04 04:56:32,2020-02-10 04:56:32
33_10,2019,2019-04-09 21:10:35,2020-06-08 21:10:35
33_10,2019,2019-03-12 07:31:27,2021-03-09 07:31:27
33_10,2019,2019-01-23 03:01:34,2019-03-12 03:01:34
33_10,2019,2019-09-18 19:47:22,2020-04-11 19:47:22
33_10,2019,2019-09-19 12:33:28,2021-06-21 12:33:28
33_10,2019,2019-02-24 22:57:14,2020-04-24 22:57:14
33_10,2019,2019-03-20 17:18:03,2020-07-06 17:18:03
33_10,2019,2019-03-02 21:04:59,2019-11-19 21:04:59
33_10,2019,2019-08-05 09:29:01,2022-03-06 09:29:01
33_10,2019,2019-01-19 06:37:43,2019-05-04 06:37:43
33_10,2019,2019-12-06 02:25:16,2020-09-25 02:25:16
33_10,2019,2019-03-16 04:57:46,2020-07-12 04:57:46
33_10,2019,2019-02-09 14:57:12,2021-05-14 14:57:12
33_10,2019,2019-11-20 16:25:33,2021-12-06 16:25:33
33_10,2019,2019-09-30 23:43:21,2021-11-02 23:43:21
33_10,2020,2020-01-22 03:40:09,2020-08-03 03:40:09
33_10,2020,2020-06-27 22:48:25,2020-07-31 22:48:25
33_10,2020,2020-09-24 13:19:08,2023-02-21 13:19:08
33_10,2020,2020-07-06 13:08:21,2021-08-18 13:08:21
33_10,2020,2020-07-25 19:35:35,2020-11-09 19:35:35
33_10,2020,2020-07-07 07:39:59,2021-09-19 07:39:59
33_10,2020,2020-01-10 19:57:20,2021-09-04 19:57:20
33_10,2020,2020-02-09 03:31:01,2020-07-19 03:31:01
33_10,2020,2020-09-22 02:06:42,2022-06-14 02:06:42
33_10,2020,2020-12-05 21:22:31,2023-01-22 21:22:31
33_10,2020,2020-09-09 17:10:23,2020-11-19 17:10:23
33_10,2020,2020-05-31 00:55:03,2020-09-26 00:55:03
33_10,2020,2020-07-31 04:50:03,2021-10-05 04:50:03
33_10,2020,2020-06-09 20:17:25,2021-04-30 20:17:25
33_10,2020,2020-04-23 03:48:15,2022-09-09 03:48:15
33_10,2020,2020-08-07 03:14:47,2021-06-27 03:14:47
33_10,2020,2020-12-14 22:28:48,2022-09-20 22:28:48
33_10,2020,2020-05-05 23:55:49,2021-11-11 23:55:49
33_10,2020,2020-03-07 05:36:44,2022-06-14 05:36:44
33_10,2020,2020-02-05 16:51:57,2022-01-25 16:51:57
33_10,2020,2020-09-28 13:23:13,2022-07-26 13:23:13
33_10,2020,2020-01-26 17:10:42,2021-04-21 17:10:42
33_10,2020,2020-12-09 04:35:50,2023-05-22 04:35:50
33_10,2020,2020-06-21 03:00:07,2020-08-12 03:00:07
33_10,2020,2020-09-19 00:45:25,2022-05-16 00:45:25
33_10,2020,2020-11-06 08:59:17,2021-04-27 08:59:17
33_10,2020,2020-03-17 05:38:17,2022-02-09 05:38:17
33_10,2020,2020-11-04 05:39:36,2021-04-27 05:39:36
33_10,2020,2020-01-20 14:42:19,2020-09-30 14:42:19
33_10,2020,2020-05-09 23:54:23,2021-10-23 23:54:23
33_10,2020,2020-09-02 12:27:36,2023-05-21 12:27:36
33_10,2020,2020-09-12 19:52:42,2023-01-10 19:52:42
33_10,2020,2020-08-08 20:41:26,2022-05-15 20:41:26
33_10,2020,2020-01-02 07:57:43,2020-05-14 07:57:43
33_10,2020,2020-05-24 14:25:18,2023-01-25 14:25:18
33_10,2020,2020-02-07 05:40:48,2020-04-15 05:40:48
33_10,2020,2020-07-02 04:58:28,2023-03-05 04:58:28
33_10,2020,2020-07-12 06:23:40,2021-02-24 06:23:40
33_10,2020,2020-09-04 18:40:28,2022-07-11 18:40:28
33_10,2020,2020-06-06 21:12:53,2022-02-04 21:12:53
33_10,2020,2020-12-01 04:04:52,2022-01-25 04:04:52
33_10,2020,2020-04-22 00:45:44,2020-11-16 00:45:44
33_10,2020,2020-01-16 03:57:14,2022-10-09 03:57:14
33_10,2020,2020-10-15 15:23:04,2022-05-21 15:23:04
33_10,2020,2020-09-08 13:57:20,2021-12-29 13:57:20
33_10,2020,2020-09-03 00:58:57,2022-02-14 00:58:57
33_10,2020,2020-07-02 15:05:09,2020-08-15 15:05:09
33_10,2020,2020-08-07 03:12:58,2022-05-21 03:12:58
33_10,2020,2020-06-17 10:40:38,2022-05-16 10:40:38
33_10,2020,2020-10-10 12:49:23,2021-08-24 12:49:23
33_10,2020,2020-10-12 16:52:58,2022-03-03 16:52:58
33_10,2020,2020-10-08 07:12:23,2021-06-25 07:12:23
33_10,2020,2020-03-30 20:00:53,2022-11-07 20:00:53
33_10,2020,2020-04-02 05:46:41,2021-06-25 05:46:41
33_10,2020,2020-06-23 01:10:35,2020-12-26 01:10:35
33_10,2020,2020-09-01 21:11:21,2022-04-03 21:11:21
33_10,2020,2020-08-09 09:53:25,2021-11-22 09:53:25
33_10,2020,2020-01-22 01:20:23,2020-05-27 01:20:23
33_10,2020,2020-09-16 13:52:11,2021-11-30 13:52:11
33_10,2020,2020-02-12 15:49:23,2022-10-19 15:49:23
33_10,2020,2020-01-03 14:40:09,2020-11-16 14:40:09
33_10,2020,2020-11-21 15:15:15,2021-08-31 15:15:15
33_10,2020,2020-12-26 23:32:29,2021-08-08 23:32:29
33_10,2020,2020-12-10 06:53:37,2022-08-29 06:53:37
33_10,2020,2020-10-23 15:02:08,2023-03-05 15:02:08
33_10,2020,2020-06-13 22:48:09,2021-12-16 22:48:09
33_10,2020,2020-09-11 11:06:43,2022-03-11 11:06:43
33_10,2020,2020-12-22 19:08:45,2022-10-17 19:08:45
33_10,2020,2020-09-18 04:09:05,2023-02-06 04:09:05
33_10,2020,2020-10-01 20:20:03,2023-03-14 20:20:03
33_10,2020,2020-12-23 18:24:29,2021-05-19 18:24:29
33_10,2020,2020-03-18 17:05:20,2022-07-01 17:05:20
33_10,2020,2020-11-26 20:28:04,2023-06-22 20:28:04
33_10,2020,2020-07-06 16:42:32,2021-01-10 16:42:32
33_10,2020,2020-03-07 19:29:12,2022-06-29 19:29:12
33_10,2020,2020-07-26 02:49:45,2021-04-09 02:49:45
33_10,2020,2020-02-09 08:01:10,2022-08-03 08:01:10
33_10,2020,2020-01-25 17:36:55,2020-09-26 17:36:55
33_10,2020,2020-08-15 14:03:04,2023-04-19 14:03:04
33_10,2020,2020-04-09 15:03:57,2022-04-04 15:03:57
33_10,2020,2020-08-12 06:42:24,2020-09-25 06:42:24
33_10,2020,2020-09-17 08:13:08,2021-03-22 08:13:08
33_10,2020,2020-10-31 12:59:00,2022-09-08 12:59:00
33_10,2020,2020-03-20 13:20:52,2021-01-04 13:20:52
33_10,2020,2020-01-07 02:01:56,2020-07-11 02:01:56
33_10,2020,2020-08-18 07:20:37,2020-11-02 07:20:37
33_10,2020,2020-05-13 02:31:24,2021-05-01 02:31:24
33_10,2020,2020-08-19 13:02:39,2023-01-09 13:02:39
33_10,2020,2020-09-14 20:54:18,2022-08-29 20:54:18
33_10,2020,2020-06-02 02:49:26,2020-11-08 02:49:26
33_10,2020,2020-12-20 17:36:54,2022-03-05 17:36:54
33_10,2020,2020-06-21 05:14:25,2020-10-23 05:14:25
33_10,2020,2020-06-13 18:34:53,2022-03-31 18:34:53
33_10,2020,2020-08-22 14:42:39,2022-10-15 14:42:39
33_10,2020,2020-02-25 04:44:47,2022-10-13 04:44:47
33_10,2020,2020-07-13 12:19:18,2021-05-30 12:19:18
33_10,2020,2020-11-22 23:11:01,2023-02-23 23:11:01
33_10,2020,2020-03-28 19:39:22,2022-07-16 19:39:22
33_10,2020,2020-08-09 21:03:57,2021-06-17 21:03:57
33_10,2020,2020-06-03 04:04:03,2020-09-09 04:04:03
33_10,2020,2020-08-04 00:41:39,2022-06-24 00:41:39
33_10,2020,2020-12-21 14:46:41,2021-01-30 14:46:41
33_10,2020,2020-08-09 23:07:54,2021-05-19 23:07:54
33_10,2020,2020-01-01 00:28:55,2022-05-21 00:28:55
33_10,2020,2020-08-31 11:03:12,2023-02-18 11:03:12
33_10,2020,2020-03-06 18:58:39,2021-10-06 18:58:39
33_10,2020,2020-09-01 01:34:40,2021-02-11 01:34:40
33_10,2020,2020-08-13 12:57:35,2022-08-24 12:57:35
33_10,2020,2020-09-05 18:22:31,2020-10-27 18:22:31
33_10,2020,2020-11-18 16:54:03,2023-03-12 16:54:03
33_10,2020,2020-09-17 20:44:16,2021-09-27 20:44:16
33_10,2020,2020-07-10 14:30:00,2021-06-06 14:30:00
33_10,2020,2020-06-30 13:49:54,2021-07-27 13:49:54
33_10,2020,2020-11-03 23:09:45,2022-01-02 23:09:45
33_10,2020,2020-10-03 08:05:36,2021-06-07 08:05:36
33_10,2020,2020-02-11 22:21:44,2020-07-30 22:21:44
33_10,2020,2020-09-27 14:59:02,2022-07-04 14:59:02
33_10,2020,2020-08-31 08:12:36,2023-05-15 08:12:36
33_10,2020,2020-01-05 13:59:27,2020-08-31 13:59:27
33_10,2020,2020-08-21 15:37:17,2022-06-04 15:37:17
33_10,2020,2020-05-29 12:43:47,2022-03-05 12:43:47
33_10,2020,2020-01-26 06:15:02,2022-06-01 06:15:02
33_10,2020,2020-12-07 21:19:20,2022-11-19 21:19:20
33_10,2020,2020-10-03 03:18:33,2022-02-04 03:18:33
33_10,2020,2020-08-30 16:06:41,2021-09-19 16:06:41
33_10,2020,2020-09-08 06:29:29,2021-08-27 06:29:29
33_10,2020,2020-04-20 12:13:32,2020-09-29 12:13:32
33_10,2020,2020-06-20 06:38:22,2022-12-24 06:38:22
33_10,2020,2020-01-24 22:40:00,2022-05-07 22:40:00
33_10,2020,2020-11-22 17:39:12,2023-04-10 17:39:12
33_10,2020,2020-05-11 01:41:57,2020-10-14 01:41:57
33_10,2020,2020-11-08 19:29:37,2021-03-23 19:29:37
33_10,2020,2020-05-27 04:57:39,2022-02-19 04:57:39
33_10,2020,2020-03-17 06:09:52,2022-06-23 06:09:52
33_10,2020,2020-06-21 08:43:44,2021-08-02 08:43:44
33_10,2020,2020-01-17 06:33:16,2022-08-08 06:33:16
33_10,2020,2020-05-22 04:30:56,2020-08-10 04:30:56
33_10,2020,2020-01-28 08:26:27,2020-03-26 08:26:27
33_10,2020,2020-09-04 07:26:17,2022-01-08 07:26:17
33_10,2020,2020-05-01 23:26:26,2021-03-22 23:26:26
33_10,2020,2020-12-27 04:23:24,2021-11-18 04:23:24
33_10,2020,2020-03-08 06:14:15,2022-04-02 06:14:15
33_10,2020,2020-08-19 12:50:41,2022-11-05 12:50:41
33_10,2020,2020-02-05 04:18:24,2021-04-16 04:18:24
33_10,2020,2020-03-21 07:54:25,2022-05-28 07:54:25
33_10,2020,2020-11-26 21:52:01,2023-03-19 21:52:01
33_10,2020,2020-03-18 09:07:03,2021-12-20 09:07:03
33_10,2020,2020-03-03 21:15:07,2021-05-11 21:15:07
33_10,2020,2020-10-13 00:19:53,2021-10-23 00:19:53
33_10,2020,2020-07-19 13:29:59,2022-05-01 13:29:59
33_10,2020,2020-12-21 11:54:40,2022-03-15 11:54:40
33_10,2020,2020-02-01 06:15:40,2020-08-30 06:15:40
33_10,2020,2020-11-21 13:54:46,2023-03-25 13:54:46
33_10,2020,2020-02-02 21:20:11,2020-03-03 21:20:11
33_10,2020,2020-08-30 06:45:47,2023-01-07 06:45:47
33_10,2020,2020-06-15 21:40:34,2023-02-19 21:40:34
33_10,2020,2020-03-26 19:37:03,2021-11-12 19:37:03
33_10,2020,2020-03-22 01:59:12,2021-04-26 01:59:12
33_10,2020,2020-09-10 20:22:02,2023-05-03 20:22:02
33_10,2020,2020-11-17 07:34:36,2023-06-15 07:34:36
33_10,2020,2020-09-28 07:21:38,2022-08-19 07:21:38
33_10,2020,2020-11-29 23:00:48,2022-03-04 23:00:48
33_10,2020,2020-04-06 22:52:43,2022-12-30 22:52:43
33_10,2020,2020-03-20 14:46:43,2021-02-21 14:46:43
33_10,2020,2020-09-11 16:07:21,2021-02-24 16:07:21
33_10,2020,2020-11-11 14:07:55,2021-06-30 14:07:55
33_10,2020,2020-10-11 12:31:20,2022-01-19 12:31:20
33_10,2020,2020-04-28 10:15:45,2021-04-05 10:15:45
33_10,2020,2020-09-17 13:19:29,2021-02-10 13:19:29
33_10,2020,2020-04-21 14:32:45,2022-03-17 14:32:45
33_10,2020,2020-12-15 23:06:04,2023-08-08 23:06:04
33_10,2020,2020-01-05 13:36:00,2022-04-16 13:36:00
33_10,2020,2020-09-28 04:59:13,2022-05-25 04:59:13
33_10,2020,2020-04-15 09:49:25,2021-01-13 09:49:25
33_10,2020,2020-05-24 11:10:56,2021-12-11 11:10:56
33_10,2020,2020-03-01 18:56:22,2021-11-22 18:56:22
33_10,2020,2020-06-04 08:41:37,2020-09-16 08:41:37
33_10,2020,2020-03-12 01:31:15,2022-06-25 01:31:15
33_10,2020,2020-05-17 01:09:45,2021-07-06 01:09:45
33_10,2020,2020-08-25 18:12:09,2023-03-15 18:12:09
33_10,2020,2020-04-23 17:14:29,2020-12-18 17:14:29
33_10,2020,2020-12-02 06:13:37,2022-04-20 06:13:37
33_10,2020,2020-11-02 05:59:06,2022-01-23 05:59:06
33_10,2020,2020-02-15 14:41:27,2021-02-25 14:41:27
33_10,2020,2020-02-10 12:29:22,2021-08-21 12:29:22
33_10,2020,2020-01-04 08:43:23,2021-11-03 08:43:23
33_10,2020,2020-09-24 21:18:39,2023-05-20 21:18:39
33_10,2020,2020-03-05 23:54:58,2022-11-14 23:54:58
33_10,2020,2020-12-11 13:59:10,2023-06-04 13:59:10
33_10,2020,2020-05-27 11:04:47,2022-07-28 11:04:47
33_10,2020,2020-12-01 01:31:39,2021-06-27 01:31:39
33_10,2020,2020-09-07 22:15:49,2021-04-06 22:15:49
33_10,2020,2020-01-06 20:49:09,2021-11-29 20:49:09
33_10,2020,2020-05-14 17:31:30,2020-07-07 17:31:30
33_10,2020,2020-05-25 01:37:03,2023-02-15 01:37:03
33_10,2020,2020-10-15 23:42:11,2021-05-12 23:42:11
33_10,2020,2020-08-17 23:04:43,2022-08-26 23:04:43
33_10,2020,2020-05-17 08:07:25,2021-10-29 08:07:25
33_10,2020,2020-11-08 19:16:00,2023-04-12 19:16:00
33_10,2020,2020-07-03 22:41:12,2021-01-09 22:41:12
33_10,2020,2020-10-07 11:33:22,2021-05-01 11:33:22
33_10,2020,2020-02-08 06:51:08,2020-12-18 06:51:08
33_10,2020,2020-06-18 15:16:36,2020-09-18 15:16:36
33_10,2020,2020-08-29 06:09:55,2022-07-21 06:09:55
33_10,2020,2020-10-07 11:29:02,2022-09-02 11:29:02
33_10,2020,2020-12-05 04:31:15,2021-06-08 04:31:15
33_10,2020,2020-03-23 06:30:41,2022-09-20 06:30:41
33_10,2020,2020-08-15 16:44:45,2021-12-26 16:44:45
33_10,2020,2020-02-15 22:13:35,2020-05-03 22:13:35
33_10,2020,2020-04-15 13:06:07,2023-01-06 13:06:07
33_10,2020,2020-08-23 04:54:09,2023-01-18 04:54:09
33_10,2020,2020-05-07 15:52:00,2020-08-28 15:52:00
33_10,2020,2020-01-02 03:46:05,2021-01-26 03:46:05
33_10,2020,2020-11-18 05:57:44,2022-11-06 05:57:44
33_10,2020,2020-09-15 07:37:38,2021-03-11 07:37:38
33_10,2020,2020-01-29 11:18:00,2021-11-18 11:18:00
33_10,2020,2020-02-15 09:02:39,2021-02-20 09:02:39
33_10,2020,2020-02-12 21:01:48,2021-07-01 21:01:48
33_10,2020,2020-02-27 17:18:53,2020-05-29 17:18:53
33_10,2020,2020-01-21 22:33:33,2022-01-20 22:33:33
33_10,2020,2020-12-23 14:49:09,2022-01-16 14:49:09
33_10,2020,2020-06-03 10:54:19,2022-01-14 10:54:19
33_10,2020,2020-01-27 03:24:54,2021-01-17 03:24:54
33_10,2020,2020-11-12 08:15:37,2023-01-19 08:15:37
33_10,2020,2020-09-14 22:40:01,2022-10-19 22:40:01
33_10,2020,2020-09-08 09:04:13,2021-02-25 09:04:13
33_10,2020,2020-07-25 05:48:57,2021-03-26 05:48:57
33_10,2020,2020-04-20 09:59:07,2021-07-28 09:59:07
33_10,2020,2020-07-01 09:07:41,2023-01-07 09:07:41
33_10,2020,2020-05-21 20:14:47,2023-01-27 20:14:47
33_10,2020,2020-12-18 01:24:33,2023-01-09 01:24:33
33_10,2020,2020-09-05 01:07:10,2021-08-18 01:07:10
33_10,2020,2020-01-27 21:03:11,2020-03-28 21:03:11
33_10,2020,2020-10-21 15:10:14,2022-09-20 15:10:14
33_10,2020,2020-10-24 13:43:38,2021-09-03 13:43:38
33_10,2020,2020-04-07 17:45:52,2021-03-07 17:45:52
33_10,2020,2020-04-19 19:53:05,2021-07-21 19:53:05
33_10,2020,2020-02-21 04:58:41,2021-07-11 04:58:41
33_10,2020,2020-04-27 04:59:28,2021-03-08 04:59:28
33_10,2020,2020-12-20 12:00:27,2021-06-11 12:00:27
33_10,2020,2020-01-13 04:00:41,2021-04-10 04:00:41
33_10,2020,2020-05-27 17:31:13,2020-07-14 17:31:13
33_10,2020,2020-09-12 14:32:29,2020-10-29 14:32:29
33_10,2020,2020-01-04 04:44:27,2022-03-12 04:44:27
33_10,2020,2020-03-02 12:39:07,2021-11-11 12:39:07
33_10,2020,2020-04-25 23:09:07,2021-05-30 23:09:07
33_10,2020,2020-02-12 10:52:53,2020-09-03 10:52:53
33_10,2020,2020-02-12 23:52:37,2020-09-22 23:52:37
33_10,2020,2020-10-15 19:14:38,2022-03-30 19:14:38
33_10,2020,2020-02-22 05:17:13,2020-07-13 05:17:13
33_10,2020,2020-03-20 18:58:51,2020-08-10 18:58:51
33_10,2020,2020-03-11 09:22:07,2020-11-17 09:22:07
33_10,2020,2020-01-29 10:00:18,2022-01-05 10:00:18
33_10,2020,2020-01-20 04:25:36,2022-09-22 04:25:36
33_10,2020,2020-09-01 00:43:16,2023-01-09 00:43:16
33_10,2020,2020-01-21 00:53:43,2021-11-24 00:53:43
33_10,2020,2020-04-29 06:14:38,2022-11-11 06:14:38
33_10,2020,2020-07-27 18:18:29,2021-05-16 18:18:29
33_10,2020,2020-02-02 15:28:36,2022-09-13 15:28:36
33_10,2020,2020-06-10 18:53:23,2020-09-02 18:53:23
33_10,2020,2020-11-08 01:49:20,2023-04-27 01:49:20
33_10,2020,2020-04-18 21:02:13,2022-02-19 21:02:13
33_10,2020,2020-05-15 04:12:53,2022-08-22 04:12:53
33_10,2020,2020-10-08 23:22:56,2022-12-24 23:22:56
33_10,2020,2020-09-19 17:12:05,2022-01-19 17:12:05
33_10,2020,2020-08-26 17:08:54,2023-02-19 17:08:54
33_10,2020,2020-03-08 06:57:58,2020-09-15 06:57:58
33_10,2020,2020-10-04 00:12:50,2021-11-17 00:12:50
33_10,2020,2020-05-28 09:44:36,2020-09-21 09:44:36
33_10,2020,2020-03-09 19:40:30,2020-06-01 19:40:30
33_10,2020,2020-05-22 15:45:28,2021-10-09 15:45:28
33_10,2020,2020-07-09 18:00:52,2022-10-16 18:00:52
33_10,2020,2020-09-17 09:34:23,2021-04-12 09:34:23
33_10,2020,2020-02-26 11:15:28,2021-04-21 11:15:28
33_10,2020,2020-04-17 03:54:28,2021-04-30 03:54:28
33_10,2020,2020-05-31 09:02:24,2020-07-07 09:02:24
33_10,2020,2020-07-14 03:02:38,2022-11-23 03:02:38
33_10,2021,2021-09-28 22:41:00,2021-12-28 22:41:00
33_10,2021,2021-05-10 09:27:38,2021-10-31 09:27:38
33_10,2021,2021-01-04 18:55:55,2021-09-06 18:55:55
33_10,2021,2021-02-08 06:41:56,2021-03-12 06:41:56
33_10,2021,2021-05-07 14:22:50,2021-11-12 14:22:50
33_10,2021,2021-08-21 06:48:30,2023-09-28 06:48:30
33_10,2021,2021-06-22 23:57:28,2023-09-10 23:57:28
33_10,2021,2021-03-27 21:41:58,2021-08-23 21:41:58
33_10,2021,2021-07-30 05:39:04,2024-02-07 05:39:04
33_10,2021,2021-11-30 21:05:20,2022-03-28 21:05:20
33_10,2021,2021-02-18 14:50:48,2022-02-11 14:50:48
33_10,2021,2021-01-31 06:15:48,2022-10-02 06:15:48
33_10,2021,2021-05-30 06:30:13,2023-12-25 06:30:13
33_10,2021,2021-01-25 20:22:31,2022-02-15 20:22:31
33_10,2021,2021-02-08 05:08:08,2022-11-09 05:08:08
33_10,2021,2021-10-01 23:05:14,2022-07-24 23:05:14
33_10,2021,2021-11-22 09:54:00,2023-08-30 09:54:00
33_10,2021,2021-07-02 13:07:22,2024-03-09 13:07:22
33_10,2021,2021-09-01 17:34:34,2022-08-19 17:34:34
33_10,2021,2021-08-04 16:54:35,2023-05-30 16:54:35
33_10,2021,2021-11-17 19:51:34,2023-06-10 19:51:34
33_10,2021,2021-01-20 23:30:41,2022-11-29 23:30:41
33_10,2021,2021-08-10 11:16:41,2022-03-22 11:16:41
33_10,2021,2021-01-05 08:56:05,2023-08-13 08:56:05
33_10,2021,2021-12-10 22:33:25,2024-01-16 22:33:25
33_10,2021,2021-06-17 20:20:14,2022-06-13 20:20:14
33_10,2021,2021-04-07 07:58:42,2021-10-23 07:58:42
33_10,2021,2021-04-14 15:48:42,2022-10-16 15:48:42
33_10,2021,2021-08-24 06:54:49,2022-12-29 06:54:49
33_10,2021,2021-09-16 00:35:10,2021-11-24 00:35:10
33_10,2021,2021-09-28 06:46:18,2023-04-17 06:46:18
33_10,2021,2021-05-04 18:10:21,2022-02-18 18:10:21
33_10,2021,2021-11-16 14:49:29,2023-01-14 14:49:29
33_10,2021,2021-09-11 13:46:57,2024-05-22 13:46:57
33_10,2021,2021-11-04 17:23:09,2022-07-17 17:23:09
33_10,2021,2021-10-01 09:16:14,2022-03-03 09:16:14
33_10,2021,2021-08-24 12:14:37,2021-10-30 12:14:37
33_10,2021,2021-01-05 11:29:08,2021-12-28 11:29:08
33_10,2021,2021-08-08 07:08:50,2022-05-15 07:08:50
33_10,2021,2021-10-23 18:49:04,2024-05-10 18:49:04
33_10,2021,2021-07-30 06:53:41,2022-02-20 06:53:41
33_10,2021,2021-08-23 16:34:12,2023-05-16 16:34:12
33_10,2021,2021-05-13 01:41:42,2023-12-12 01:41:42
33_10,2021,2021-05-23 03:12:41,2022-09-18 03:12:41
33_10,2021,2021-01-17 01:15:23,2021-03-24 01:15:23
33_10,2021,2021-05-27 01:54:09,2022-05-07 01:54:09
33_10,2021,2021-07-21 22:40:57,2023-07-08 22:40:57
33_10,2021,2021-01-06 19:16:30,2023-04-11 19:16:30
33_10,2021,2021-03-05 22:57:24,2023-11-24 22:57:24
33_10,2021,2021-06-25 16:52:59,2023-03-09 16:52:59
33_10,2021,2021-06-23 11:34:23,2021-11-13 11:34:23
33_10,2021,2021-02-20 10:51:29,2021-04-30 10:51:29
33_10,2021,2021-05-01 07:50:46,2022-03-27 07:50:46
33_10,2021,2021-03-15 13:45:04,2021-11-23 13:45:04
33_10,2021,2021-05-12 21:15:47,2022-04-24 21:15:47
33_10,2021,2021-11-05 05:17:22,2022-11-18 05:17:22
33_10,2021,2021-08-08 20:36:57,2021-12-30 20:36:57
33_10,2021,2021-12-12 04:39:35,2023-12-09 04:39:35
33_10,2021,2021-10-14 18:26:04,2022-10-01 18:26:04
33_10,2021,2021-09-20 15:41:12,2023-05-10 15:41:12
33_10,2021,2021-02-05 15:07:24,2021-04-15 15:07:24
33_10,2021,2021-12-04 13:56:26,2024-05-17 13:56:26
33_10,2021,2021-06-30 00:37:45,2021-09-07 00:37:45
33_10,2021,2021-07-13 18:01:54,2023-12-18 18:01:54
33_10,2021,2021-07-27 23:46:25,2023-09-13 23:46:25
33_10,2021,2021-11-26 11:15:09,2022-10-10 11:15:09
33_10,2021,2021-03-16 14:34:39,2022-01-01 14:34:39
33_10,2021,2021-06-21 04:23:09,2022-02-21 04:23:09
33_10,2021,2021-03-11 14:36:13,2021-09-03 14:36:13
33_10,2021,2021-10-14 00:09:05,2022-10-14 00:09:05
33_10,2021,2021-01-20 10:08:46,2021-08-05 10:08:46
33_10,2021,2021-02-27 03:56:28,2021-06-28 03:56:28
33_10,2021,2021-06-13 20:20:27,2022-06-30 20:20:27
33_10,2021,2021-12-06 09:17:09,2023-07-29 09:17:09
33_10,2021,2021-09-16 00:25:05,2023-05-09 00:25:05
33_10,2021,2021-05-14 04:05:28,2023-09-06 04:05:28
33_10,2021,2021-12-05 06:24:47,2023-11-15 06:24:47
33_10,2021,2021-02-13 13:08:48,2023-05-04 13:08:48
33_10,2021,2021-03-05 04:14:19,2022-04-01 04:14:19
33_10,2021,2021-02-22 16:10:44,2022-10-01 16:10:44
33_10,2021,2021-11-04 15:56:51,2022-11-13 15:56:51
33_10,2021,2021-11-30 10:44:40,2023-11-22 10:44:40
33_10,2021,2021-10-01 21:32:22,2022-04-18 21:32:22
33_10,2021,2021-02-02 01:44:23,2022-02-22 01:44:23
33_10,2021,2021-01-21 15:07:26,2021-08-29 15:07:26
33_10,2021,2021-04-27 10:09:24,2023-03-24 10:09:24
33_10,2021,2021-10-11 12:24:54,2023-01-05 12:24:54
33_10,2021,2021-05-18 14:47:07,2023-05-17 14:47:07
33_10,2021,2021-02-28 04:18:03,2021-04-05 04:18:03
33_10,2021,2021-09-01 08:03:46,2022-02-10 08:03:46
33_10,2021,2021-02-25 09:45:43,2023-04-12 09:45:43
33_10,2021,2021-10-22 20:09:04,2023-05-31 20:09:04
33_10,2021,2021-08-30 03:41:35,2024-01-02 03:41:35
33_10,2021,2021-07-16 05:12:10,2023-09-14 05:12:10
33_10,2021,2021-12-14 05:05:45,2022-02-12 05:05:45
33_10,2021,2021-10-16 09:04:24,2023-05-03 09:04:24
33_10,2021,2021-07-12 15:57:19,2022-10-10 15:57:19
33_10,2021,2021-09-21 09:01:10,2022-11-18 09:01:10
33_10,2021,2021-03-07 19:40:37,2023-02-06 19:40:37
33_10,2021,2021-06-08 14:54:31,2022-07-05 14:54:31
33_10,2021,2021-05-06 11:42:43,2022-08-15 11:42:43
33_10,2021,2021-10-13 11:23:03,2023-09-12 11:23:03
33_10,2021,2021-05-22 01:50:35,2022-12-23 01:50:35
33_10,2021,2021-03-24 14:35:47,2023-11-05 14:35:47
33_10,2021,2021-12-08 08:54:38,2022-03-29 08:54:38
33_10,2021,2021-10-05 02:49:03,2022-10-25 02:49:03
33_10,2021,2021-01-22 07:48:12,2021-11-05 07:48:12
33_10,2021,2021-08-06 11:24:30,2023-08-23 11:24:30
33_10,2021,2021-05-29 00:24:13,2023-02-06 00:24:13
33_10,2021,2021-11-25 14:54:46,2023-06-01 14:54:46
33_10,2021,2021-07-09 00:28:32,2022-05-29 00:28:32
33_10,2021,2021-05-04 21:12:48,2024-01-20 21:12:48
33_10,2021,2021-07-05 19:34:34,2022-03-15 19:34:34
33_10,2021,2021-11-25 16:00:37,2023-06-02 16:00:37
33_10,2021,2021-12-13 02:50:24,2022-02-26 02:50:24
33_10,2021,2021-09-02 04:30:09,2023-07-30 04:30:09
33_10,2021,2021-04-19 02:24:24,2021-09-08 02:24:24
33_10,2021,2021-10-14 01:42:59,2022-07-03 01:42:59
33_10,2021,2021-05-30 10:40:31,2021-07-15 10:40:31
33_10,2021,2021-03-19 18:46:52,2022-04-12 18:46:52
33_10,2021,2021-04-17 02:54:28,2021-12-25 02:54:28
33_10,2021,2021-10-31 05:10:18,2024-04-13 05:10:18
33_10,2021,2021-07-09 13:24:32,2023-07-08 13:24:32
33_10,2021,2021-11-25 13:53:23,2023-03-17 13:53:23
33_10,2021,2021-11-01 09:56:28,2024-04-04 09:56:28
33_10,2021,2021-06-08 14:27:49,2022-07-07 14:27:49
33_10,2021,2021-02-03 00:23:54,2023-01-08 00:23:54
33_10,2021,2021-04-12 04:51:41,2022-04-02 04:51:41
33_10,2021,2021-05-02 06:51:37,2022-09-10 06:51:37
33_10,2021,2021-03-17 19:40:27,2022-06-03 19:40:27
33_10,2021,2021-07-13 16:08:10,2022-11-09 16:08:10
33_10,2021,2021-11-29 15:09:46,2023-08-06 15:09:46
33_10,2021,2021-06-02 13:19:55,2022-02-19 13:19:55
33_10,2021,2021-06-20 16:11:05,2022-02-28 16:11:05
33_10,2021,2021-06-08 05:27:33,2023-10-16 05:27:33
33_10,2021,2021-06-18 18:27:07,2022-09-02 18:27:07
33_10,2021,2021-05-02 00:07:16,2022-12-24 00:07:16
33_10,2021,2021-11-15 19:20:38,2022-11-14 19:20:38
33_10,2021,2021-11-01 12:18:39,2022-07-10 12:18:39
33_10,2021,2021-06-16 19:33:38,2021-08-21 19:33:38
33_10,2021,2021-07-28 10:30:57,2022-05-31 10:30:57
33_10,2021,2021-01-07 15:56:03,2021-08-20 15:56:03
33_10,2021,2021-02-03 14:31:34,2023-09-06 14:31:34
33_10,2021,2021-07-12 20:09:21,2023-12-22 20:09:21
33_10,2021,2021-06-28 17:56:43,2022-11-23 17:56:43
33_10,2021,2021-04-02 13:10:20,2021-12-29 13:10:20
33_10,2021,2021-12-21 13:24:51,2022-12-09 13:24:51
33_10,2021,2021-03-25 22:25:35,2023-04-24 22:25:35
33_10,2021,2021-07-10 07:29:56,2022-02-16 07:29:56
33_10,2021,2021-09-16 19:02:14,2021-11-01 19:02:14
33_10,2021,2021-05-15 06:04:37,2022-11-19 06:04:37
33_10,2021,2021-04-25 18:43:54,2023-11-28 18:43:54
33_10,2021,2021-07-25 15:57:21,2022-09-28 15:57:21
33_10,2021,2021-07-24 14:07:59,2024-02-14 14:07:59
33_10,2021,2021-12-20 07:21:39,2024-06-22 07:21:39
33_10,2021,2021-12-07 04:39:07,2023-12-11 04:39:07
33_10,2021,2021-12-01 17:02:22,2022-01-21 17:02:22
33_10,2021,2021-08-24 09:01:51,2023-01-09 09:01:51
33_10,2021,2021-11-30 18:28:23,2022-04-28 18:28:23
33_10,2021,2021-11-25 20:37:05,2022-07-22 20:37:05
33_10,2021,2021-10-18 08:45:07,2022-09-18 08:45:07
33_10,2021,2021-04-28 22:14:27,2022-02-21 22:14:27
33_10,2021,2021-05-15 13:25:23,2023-05-18 13:25:23
33_10,2021,2021-12-21 18:10:10,2023-12-07 18:10:10
33_10,2021,2021-05-29 10:44:02,2022-04-08 10:44:02
33_10,2021,2021-11-03 09:43:01,2023-11-18 09:43:01
33_10,2021,2021-09-25 18:29:54,2023-08-31 18:29:54
33_10,2021,2021-04-16 21:03:06,2023-06-17 21:03:06
33_10,2021,2021-08-23 15:56:45,2022-05-06 15:56:45
33_10,2021,2021-08-25 05:59:00,2024-04-28 05:59:00
33_10,2021,2021-01-28 16:10:16,2022-03-14 16:10:16
33_10,2021,2021-10-23 23:13:52,2023-02-24 23:13:52
33_10,2021,2021-09-11 04:33:18,2021-10-17 04:33:18
33_10,2021,2021-08-19 01:33:45,2021-10-16 01:33:45
33_10,2021,2021-03-05 03:43:25,2023-09-27 03:43:25
33_10,2021,2021-10-25 16:21:34,2021-12-26 16:21:34
33_10,2021,2021-01-09 06:36:32,2022-11-15 06:36:32
33_10,2021,2021-11-20 06:38:21,2024-05-16 06:38:21
33_10,2021,2021-11-08 01:51:03,2022-02-24 01:51:03
33_10,2021,2021-06-08 12:18:10,2024-01-21 12:18:10
33_10,2021,2021-09-11 19:21:58,2024-05-14 19:21:58
33_10,2021,2021-11-21 14:32:55,2023-03-24 14:32:55
33_10,2021,2021-12-01 03:57:06,2023-07-23 03:57:06
33_10,2021,2021-02-15 06:35:52,2022-09-05 06:35:52
33_10,2021,2021-10-21 01:34:09,2023-03-16 01:34:09
33_10,2021,2021-05-10 02:11:32,2022-08-12 02:11:32
33_10,2021,2021-01-28 18:49:24,2023-03-06 18:49:24
33_10,2021,2021-08-06 09:58:32,2022-06-16 09:58:32
33_10,2021,2021-07-19 11:12:44,2023-01-15 11:12:44
33_10,2021,2021-09-14 20:03:14,2022-01-20 20:03:14
33_10,2021,2021-10-11 00:06:14,2022-12-11 00:06:14
33_10,2021,2021-09-16 03:49:20,2023-02-16 03:49:20
33_10,2021,2021-03-09 05:40:21,2021-05-16 05:40:21
33_10,2021,2021-07-27 01:09:28,2022-05-23 01:09:28
33_10,2021,2021-02-12 22:16:06,2023-08-17 22:16:06
33_10,2021,2021-06-09 10:34:09,2023-09-13 10:34:09
33_10,2021,2021-07-10 07:32:11,2022-01-12 07:32:11
33_10,2021,2021-03-03 09:39:15,2021-06-15 09:39:15
33_10,2021,2021-04-21 03:24:58,2023-10-21 03:24:58
33_10,2021,2021-09-14 15:24:30,2023-12-22 15:24:30
33_10,2021,2021-03-17 06:55:09,2021-08-23 06:55:09
33_10,2021,2021-07-27 19:43:03,2023-07-13 19:43:03
33_10,2021,2021-01-04 19:44:36,2021-04-27 19:44:36
33_10,2021,2021-06-13 19:12:16,2021-08-03 19:12:16
33_10,2021,2021-01-15 07:58:28,2022-05-18 07:58:28
33_10,2021,2021-04-01 22:44:32,2022-10-21 22:44:32
33_10,2022,2022-03-15 21:06:42,2023-12-09 21:06:42
33_10,2022,2022-01-12 04:04:19,2023-05-29 04:04:19
33_10,2022,2022-06-21 02:01:23,2023-09-10 02:01:23
33_10,2022,2022-10-10 02:54:32,2023-09-09 02:54:32
33_10,2022,2022-12-14 23:30:04,2025-01-17 23:30:04
33_10,2022,2022-03-12 03:02:17,2023-08-20 03:02:17
33_10,2022,2022-07-10 13:17:13,2023-05-26 13:17:13
33_10,2022,2022-10-27 23:57:43,2025-06-22 23:57:43
33_10,2022,2022-04-02 20:35:23,2022-08-11 20:35:23
33_10,2022,2022-12-29 04:26:33,2023-10-21 04:26:33
33_10,2022,2022-09-01 11:29:12,2025-02-13 11:29:12
33_10,2022,2022-07-19 16:37:50,2025-04-11 16:37:50
33_10,2022,2022-01-18 03:25:42,2023-10-31 03:25:42
33_10,2022,2022-02-23 10:28:46,2024-07-13 10:28:46
33_10,2022,2022-06-27 01:35:16,2025-03-14 01:35:16
33_10,2022,2022-02-26 09:02:32,2024-10-24 09:02:32
33_10,2022,2022-08-11 14:28:31,2024-10-25 14:28:31
33_10,2022,2022-05-04 00:45:10,2022-06-05 00:45:10
33_10,2022,2022-10-09 23:36:17,2023-01-31 23:36:17
33_10,2022,2022-10-08 14:31:04,2025-01-08 14:31:04
33_10,2022,2022-05-02 09:44:16,2023-04-24 09:44:16
33_10,2022,2022-08-14 18:49:09,2024-12-06 18:49:09
33_10,2022,2022-03-02 14:02:08,2023-06-24 14:02:08
33_10,2022,2022-09-14 00:56:49,2024-01-10 00:56:49
33_10,2022,2022-12-25 15:22:19,2025-08-04 15:22:19
33_10,2022,2022-06-02 12:36:09,2024-03-21 12:36:09
33_10,2022,2022-09-05 14:52:39,2023-05-13 14:52:39
33_10,2022,2022-09-21 00:04:16,2023-03-23 00:04:16
33_10,2022,2022-05-24 06:20:53,2024-04-17 06:20:53
33_10,2022,2022-11-05 18:30:08,2022-12-16 18:30:08
33_10,2022,2022-07-18 17:20:27,2022-12-27 17:20:27
33_10,2022,2022-05-23 21:10:20,2023-04-21 21:10:20
33_10,2022,2022-08-30 00:17:48,2023-07-18 00:17:48
33_10,2022,2022-03-31 17:03:34,2023-02-23 17:03:34
33_10,2022,2022-12-09 21:55:46,2025-01-16 21:55:46
33_10,2022,2022-09-02 01:35:27,2024-11-22 01:35:27
33_10,2022,2022-06-14 05:05:49,2022-08-25 05:05:49
33_10,2022,2022-08-05 10:59:03,2025-04-04 10:59:03
33_10,2022,2022-01-20 07:36:23,2023-01-27 07:36:23
33_10,2022,2022-09-10 21:30:04,2023-08-31 21:30:04
33_10,2022,2022-06-06 16:20:33,2024-09-26 16:20:33
33_10,2022,2022-09-14 04:21:40,2024-02-23 04:21:40
33_10,2022,2022-11-12 07:04:41,2023-12-10 07:04:41
33_10,2022,2022-12-01 21:56:09,2025-06-08 21:56:09
33_10,2022,2022-12-14 19:26:37,2024-03-14 19:26:37
33_10,2022,2022-08-27 00:10:31,2022-10-16 00:10:31
33_10,2022,2022-10-24 22:42:57,2024-01-03 22:42:57
33_10,2022,2022-09-20 14:07:29,2024-06-29 14:07:29
33_10,2022,2022-05-07 09:29:03,2023-05-07 09:29:03
33_10,2022,2022-06-18 13:31:58,2024-10-09 13:31:58
33_10,2022,2022-10-19 11:26:48,2023-03-14 11:26:48
33_10,2022,2022-03-08 22:05:21,2022-08-08 22:05:21
33_10,2022,2022-03-30 09:57:04,2023-06-01 09:57:04
33_10,2022,2022-02-02 03:54:40,2024-05-04 03:54:40
33_10,2022,2022-08-10 20:20:49,2024-11-20 20:20:49
33_10,2022,2022-12-24 10:18:01,2025-01-06 10:18:01
33_10,2022,2022-04-12 21:41:04,2022-07-01 21:41:04
33_10,2022,2022-03-05 01:08:27,2024-05-25 01:08:27
33_10,2022,2022-03-23 00:29:09,2023-03-11 00:29:09
33_10,2022,2022-07-12 23:35:05,2024-10-07 23:35:05
33_10,2022,2022-12-17 05:15:45,2023-06-05 05:15:45
33_10,2022,2022-08-29 21:09:26,2024-01-10 21:09:26
33_10,2022,2022-02-05 20:11:16,2024-05-01 20:11:16
33_10,2022,2022-04-09 23:27:16,2024-07-18 23:27:16
33_10,2022,2022-03-22 17:24:07,2023-03-20 17:24:07
33_10,2022,2022-09-08 11:02:29,2025-03-18 11:02:29
33_10,2022,2022-12-27 20:01:16,2025-09-15 20:01:16
33_10,2022,2022-08-08 04:33:46,2023-09-14 04:33:46
33_10,2022,2022-10-20 13:04:42,2024-06-04 13:04:42
33_10,2022,2022-12-12 00:48:35,2024-05-18 00:48:35
33_10,2022,2022-01-02 15:45:11,2023-07-24 15:45:11
33_10,2022,2022-12-10 07:51:40,2024-11-07 07:51:40
33_10,2022,2022-01-19 02:41:53,2024-03-09 02:41:53
33_10,2022,2022-03-07 01:06:38,2022-09-08 01:06:38
33_10,2022,2022-02-16 21:15:58,2023-01-02 21:15:58
33_10,2022,2022-07-18 12:40:57,2024-05-25 12:40:57
33_10,2022,2022-01-06 00:10:49,2022-06-28 00:10:49
33_10,2022,2022-05-22 17:42:12,2022-10-04 17:42:12
33_10,2022,2022-02-27 00:31:43,2023-05-22 00:31:43
33_10,2022,2022-05-15 09:15:34,2024-04-13 09:15:34
33_10,2022,2022-04-03 21:24:39,2024-02-19 21:24:39
33_10,2022,2022-12-28 03:58:03,2023-01-28 03:58:03
33_10,2022,2022-08-25 09:29:44,2025-04-25 09:29:44
33_10,2022,2022-02-16 08:53:38,2023-10-27 08:53:38
33_10,2022,2022-11-13 08:45:07,2024-09-16 08:45:07
33_10,2022,2022-06-12 23:14:12,2022-10-09 23:14:12
33_10,2022,2022-04-19 09:14:41,2023-04-28 09:14:41
33_10,2022,2022-07-10 12:55:19,2023-07-24 12:55:19
33_10,2022,2022-11-02 20:44:41,2024-03-04 20:44:41
33_10,2022,2022-01-30 13:23:25,2022-11-18 13:23:25
33_10,2022,2022-06-07 18:51:33,2023-06-22 18:51:33
33_10,2022,2022-01-14 03:33:41,2022-05-31 03:33:41
33_10,2022,2022-05-28 22:32:37,2024-02-02 22:32:37
33_10,2022,2022-11-20 17:37:43,2023-01-27 17:37:43
33_10,2022,2022-10-11 22:27:33,2025-05-06 22:27:33
33_10,2022,2022-07-16 06:26:11,2023-01-20 06:26:11
33_10,2022,2022-03-02 12:00:37,2023-11-04 12:00:37
33_10,2022,2022-11-09 08:35:53,2025-07-24 08:35:53
33_10,2022,2022-08-21 13:55:26,2023-07-28 13:55:26
33_10,2022,2022-11-06 05:34:59,2023-08-03 05:34:59
33_10,2022,2022-07-15 21:55:24,2025-03-08 21:55:24
33_10,2022,2022-04-03 00:42:26,2023-07-21 00:42:26
33_10,2022,2022-04-07 18:39:32,2023-02-28 18:39:32
33_10,2022,2022-05-10 22:48:10,2025-01-15 22:48:10
33_10,2022,2022-03-19 23:21:57,2022-05-23 23:21:57
33_10,2022,2022-04-26 18:07:38,2022-08-17 18:07:38
33_10,2022,2022-07-28 05:32:31,2023-11-21 05:32:31
33_10,2022,2022-02-01 02:54:07,2024-08-04 02:54:07
33_10,2022,2022-07-20 09:40:12,2024-10-01 09:40:12
33_10,2022,2022-03-12 20:01:35,2024-07-10 20:01:35
33_10,2022,2022-03-11 04:10:12,2023-04-29 04:10:12
33_10,2022,2022-02-05 19:34:34,2022-08-25 19:34:34
33_10,2022,2022-01-21 19:57:53,2023-03-02 19:57:53
33_10,2022,2022-07-30 01:40:57,2024-07-13 01:40:57
33_10,2022,2022-06-03 17:08:00,2023-06-29 17:08:00
33_10,2022,2022-01-15 08:54:47,2023-08-26 08:54:47
33_10,2022,2022-06-02 02:43:46,2024-12-08 02:43:46
33_10,2022,2022-05-20 01:51:01,2022-11-06 01:51:01
33_10,2022,2022-08-09 21:38:03,2025-02-10 21:38:03
33_10,2022,2022-07-26 21:32:15,2025-02-27 21:32:15
33_10,2022,2022-01-13 22:19:52,2022-06-09 22:19:52
33_10,2022,2022-10-30 13:19:12,2023-09-01 13:19:12
33_10,2022,2022-05-11 03:33:35,2024-06-04 03:33:35
33_10,2022,2022-08-05 08:15:26,2023-04-11 08:15:26
33_10,2022,2022-03-04 12:47:30,2024-09-23 12:47:30
33_10,2022,2022-12-25 22:25:02,2023-02-18 22:25:02
33_10,2022,2022-07-11 09:30:59,2024-01-12 09:30:59
33_10,2022,2022-07-16 19:21:45,2024-10-05 19:21:45
33_10,2022,2022-06-15 03:01:14,2022-07-24 03:01:14
33_10,2022,2022-12-12 13:25:11,2024-01-23 13:25:11
33_10,2022,2022-12-27 21:05:07,2024-10-19 21:05:07
33_10,2022,2022-06-04 13:28:23,2024-03-31 13:28:23
33_10,2022,2022-08-28 10:47:48,2024-08-08 10:47:48
33_10,2022,2022-10-03 09:33:41,2024-06-07 09:33:41
33_10,2022,2022-04-20 07:02:44,2022-10-18 07:02:44
33_10,2022,2022-11-19 17:06:44,2024-12-07 17:06:44
33_10,2022,2022-12-08 20:36:02,2023-02-24 20:36:02
33_10,2022,2022-05-10 21:45:31,2022-11-09 21:45:31
33_10,2022,2022-05-01 11:54:34,2024-10-05 11:54:34
33_10,2022,2022-09-18 00:38:59,2023-08-06 00:38:59
33_10,2022,2022-04-22 10:47:31,2023-12-22 10:47:31
33_10,2022,2022-08-14 19:55:06,2022-11-01 19:55:06
33_10,2022,2022-02-07 10:44:27,2024-01-01 10:44:27
33_10,2022,2022-05-30 09:30:13,2023-12-11 09:30:13
33_10,2022,2022-03-05 20:19:39,2023-12-06 20:19:39
33_10,2022,2022-07-11 13:11:27,2022-10-08 13:11:27
33_10,2022,2022-05-12 23:20:38,2022-11-24 23:20:38
33_10,2022,2022-06-23 04:51:34,2023-02-09 04:51:34
33_10,2022,2022-11-19 19:23:28,2025-04-23 19:23:28
33_10,2022,2022-10-31 12:39:37,2023-04-24 12:39:37
33_10,2022,2022-09-19 14:38:29,2025-04-20 14:38:29
33_10,2022,2022-02-15 22:06:45,2024-01-21 22:06:45
33_10,2022,2022-10-09 08:09:38,2025-07-04 08:09:38
33_10,2022,2022-05-03 16:37:12,2023-08-14 16:37:12
33_10,2022,2022-04-07 13:51:49,2023-01-03 13:51:49
33_10,2022,2022-01-15 19:38:09,2023-09-17 19:38:09
33_10,2022,2022-09-27 17:16:39,2024-09-12 17:16:39
33_10,2022,2022-03-07 22:19:04,2023-10-18 22:19:04
33_10,2022,2022-04-26 08:41:22,2023-09-20 08:41:22
33_10,2022,2022-03-07 15:29:55,2022-07-22 15:29:55
33_10,2022,2022-08-14 11:48:05,2023-04-26 11:48:05
33_10,2022,2022-07-19 14:38:36,2024-06-20 14:38:36
33_10,2022,2022-11-17 04:13:05,2024-09-07 04:13:05
33_10,2022,2022-06-30 01:22:44,2024-05-20 01:22:44
33_10,2022,2022-07-30 05:24:25,2024-06-20 05:24:25
33_10,2022,2022-03-19 21:34:01,2023-06-23 21:34:01
33_10,2022,2022-05-22 08:57:13,2024-09-02 08:57:13
33_10,2022,2022-07-15 11:35:05,2024-05-29 11:35:05
33_10,2022,2022-10-12 04:38:14,2024-01-03 04:38:14
33_10,2022,2022-01-20 14:23:15,2023-05-19 14:23:15
33_10,2022,2022-03-10 22:43:57,2022-09-15 22:43:57
33_10,2022,2022-05-22 23:20:02,2023-11-25 23:20:02
33_10,2022,2022-05-27 12:49:01,2024-04-05 12:49:01
33_10,2022,2022-06-01 03:10:47,2025-02-23 03:10:47
33_10,2022,2022-07-11 00:04:15,2024-03-21 00:04:15
33_10,2022,2022-10-22 22:42:00,2023-02-05 22:42:00
33_10,2022,2022-03-31 20:33:45,2023-09-20 20:33:45
33_10,2022,2022-07-04 16:30:43,2023-10-17 16:30:43
33_10,2022,2022-04-05 06:16:46,2023-01-13 06:16:46
33_10,2022,2022-01-08 06:44:45,2024-08-15 06:44:45
33_10,2022,2022-03-09 23:09:40,2024-05-16 23:09:40
33_10,2022,2022-02-22 10:50:19,2023-02-06 10:50:19
33_10,2022,2022-07-02 21:22:08,2024-10-11 21:22:08
33_10,2022,2022-08-01 10:25:07,2023-05-20 10:25:07
33_10,2022,2022-06-08 07:36:09,2024-02-24 07:36:09
33_10,2022,2022-07-25 20:50:21,2024-06-11 20:50:21
33_10,2022,2022-03-20 06:50:57,2024-07-31 06:50:57
33_10,2022,2022-04-12 20:25:22,2023-11-16 20:25:22
33_10,2022,2022-02-28 04:23:21,2023-04-07 04:23:21
33_10,2022,2022-07-01 06:48:24,2024-04-27 06:48:24
33_10,2022,2022-03-19 00:23:24,2022-10-01 00:23:24
33_10,2022,2022-02-09 18:33:31,2024-10-02 18:33:31
33_10,2022,2022-04-08 09:39:45,2024-05-29 09:39:45
33_10,2022,2022-10-26 23:07:57,2024-02-26 23:07:57
33_10,2022,2022-11-12 03:38:54,2023-09-17 03:38:54
33_10,2022,2022-01-25 16:39:23,2024-01-24 16:39:23
33_10,2022,2022-09-24 20:33:12,2023-08-21 20:33:12
33_10,2022,2022-01-02 10:09:06,2023-07-16 10:09:06
33_10,2022,2022-06-20 14:29:23,2024-02-19 14:29:23
33_10,2022,2022-10-11 10:40:22,2023-06-15 10:40:22
33_10,2022,2022-07-20 23:01:09,2022-11-28 23:01:09
33_10,2022,2022-05-06 15:30:59,2023-12-10 15:30:59
33_10,2022,2022-06-01 09:12:11,2023-04-14 09:12:11
33_10,2022,2022-08-02 12:56:46,2023-02-14 12:56:46
33_10,2022,2022-10-31 15:39:38,2024-08-11 15:39:38
33_10,2022,2022-05-23 09:49:02,2022-07-27 09:49:02
33_10,2022,2022-07-24 02:04:32,2024-09-04 02:04:32
33_10,2022,2022-08-05 08:34:04,2024-09-13 08:34:04
33_10,2022,2022-07-15 20:56:38,2023-08-01 20:56:38
33_10,2022,2022-08-20 12:07:29,2024-07-25 12:07:29
33_10,2022,2022-11-04 02:00:36,2025-05-20 02:00:36
33_10,2022,2022-09-15 02:53:41,2022-12-26 02:53:41
33_10,2022,2022-09-03 09:49:23,2024-07-11 09:49:23
33_10,2022,2022-04-12 08:04:25,2023-04-29 08:04:25
33_10,2022,2022-05-17 04:53:43,2024-11-22 04:53:43
33_10,2022,2022-12-03 12:42:47,2023-03-12 12:42:47
33_10,2022,2022-12-27 08:12:23,2024-03-25 08:12:23
33_10,2022,2022-01-26 20:07:06,2024-02-02 20:07:06
33_10,2022,2022-11-21 07:26:29,2025-02-08 07:26:29
33_10,2022,2022-05-24 13:09:31,2024-01-04 13:09:31
33_10,2022,2022-07-30 07:19:59,2024-12-03 07:19:59
33_10,2022,2022-07-20 06:33:39,2024-05-21 06:33:39
33_10,2022,2022-06-18 13:18:47,2025-02-27 13:18:47
33_10,2022,2022-05-24 12:40:42,2023-11-21 12:40:42
33_10,2022,2022-05-17 00:52:10,2023-08-17 00:52:10
33_10,2022,2022-02-24 16:56:52,2023-09-15 16:56:52
33_10,2022,2022-10-06 02:06:44,2023-04-13 02:06:44
33_10,2022,2022-04-08 12:43:48,2022-10-03 12:43:48
33_10,2022,2022-07-20 11:08:40,2024-10-02 11:08:40
33_10,2022,2022-11-20 03:05:28,2023-08-06 03:05:28
